日期,美元,欧元,日元,港元,英镑,澳元,新西兰元,新加坡元,瑞士法郎,加元,林吉特,卢布,兰特,韩元,迪拉姆,里亚尔,福林,兹罗提,丹麦克朗,瑞典克朗,挪威克朗,里拉,比索,泰铢,澳门元
2024-01-02,707.7,782.18,5.0274,90.564,902.26,482.77,447.84,537.0,841.94,535.2,64.812,1260.6,258.32,18207.0,51.827,52.923,4896.92,55.57,95.33,142.1,143.53,416.662,239.4,483.68,113.74
2024-01-03,710.02,778.02,5.008,90.864,897.94,481.74,445.61,536.21,837.12,534.27,64.941,1273.68,261.09,18334.0,51.665,52.755,4914.31,56.247,95.9,143.45,145.47,418.546,240.07,480.36,113.35
2024-01-04,709.97,777.62,4.9788,90.946,902.16,479.59,445.36,535.69,838.55,533.57,65.197,1287.37,262.86,18328.0,51.605,52.698,4895.66,56.04,96.0,144.44,145.33,418.481,239.42,482.73,113.34
2024-01-05,710.29,779.07,4.923,90.939,902.83,477.56,444.12,535.14,837.31,533.22,65.356,1280.43,262.98,18383.0,51.628,52.717,4870.59,55.897,95.87,143.51,144.66,419.445,239.67,484.4,113.17
2024-01-08,710.06,778.28,4.9148,90.914,904.5,478.0,444.95,534.89,836.01,532.65,65.468,1276.55,262.65,18440.0,51.64,52.734,4863.12,55.919,95.96,144.29,145.07,419.363,237.75,486.57,113.37
2024-01-09,710.1,778.76,4.9376,90.934,906.43,478.11,445.06,535.3,838.7,532.78,65.539,1276.36,261.65,18421.0,51.682,52.773,4857.74,55.76,95.92,143.77,145.77,420.933,237.22,490.54,113.27
2024-01-10,710.55,778.09,4.9334,90.897,904.88,476.18,444.71,534.67,835.38,531.84,65.399,1256.84,262.32,18476.0,51.616,52.706,4879.93,55.973,95.98,143.99,145.63,421.085,238.93,490.01,113.4
2024-01-11,710.87,781.39,4.893,90.937,907.57,477.7,444.39,534.73,837.37,532.52,65.303,1253.83,262.24,18469.0,51.594,52.686,4846.92,55.581,95.61,143.47,145.34,419.393,238.98,490.96,113.27
2024-01-12,710.5,781.42,4.9109,90.894,909.17,476.85,444.6,535.06,836.02,531.92,65.32,1244.34,262.2,18420.0,51.619,52.708,4858.34,55.789,95.59,144.06,144.74,422.332,237.88,491.08,113.32
2024-01-15,710.84,779.75,4.9138,90.9,907.47,476.77,444.59,534.55,835.1,531.45,65.392,1235.75,262.38,18412.0,51.595,52.685,4873.85,55.992,95.82,144.41,144.53,422.562,237.38,490.03,113.31
2024-01-16,711.34,780.3,4.8934,90.934,906.93,474.53,441.89,534.42,833.18,531.13,65.682,1229.48,262.26,18513.0,51.542,52.628,4865.92,56.135,95.76,144.89,145.32,422.228,237.64,489.85,113.32
2024-01-17,711.68,777.29,4.8635,90.954,903.63,471.46,439.78,532.2,830.12,530.23,65.928,1233.26,265.62,18630.0,51.413,52.501,4893.32,56.633,96.07,145.97,146.42,421.712,241.63,494.43,113.3
2024-01-18,711.74,777.37,4.8265,91.021,905.7,468.25,437.61,530.94,826.45,529.25,66.215,1235.18,267.44,18753.0,51.447,52.534,4902.66,56.702,96.13,146.21,147.22,422.038,241.55,496.69,113.22
2024-01-19,711.67,775.51,4.825,91.006,907.08,469.57,437.02,530.94,822.4,529.55,66.258,1249.46,265.55,18679.0,51.485,52.576,4936.74,56.605,96.26,147.03,147.77,422.53,241.22,496.74,113.23
2024-01-22,711.05,776.79,4.8207,90.947,905.63,470.61,437.12,531.67,821.02,531.07,66.324,1232.41,267.16,18664.0,51.541,52.631,4931.59,56.19,96.22,146.69,147.15,423.728,240.32,497.35,113.31
2024-01-23,711.17,776.35,4.824,90.967,906.88,469.24,434.34,531.35,821.29,529.67,66.514,1231.94,269.52,18714.0,51.51,52.598,4954.65,56.341,96.3,146.65,147.48,424.249,241.57,498.01,113.29
2024-01-24,710.53,774.07,4.8114,90.839,904.98,469.74,435.76,531.31,819.47,529.91,66.522,1243.2,267.35,18726.0,51.566,52.648,5003.81,56.86,96.53,147.0,147.35,425.089,243.56,500.02,113.45
2024-01-25,710.44,774.46,4.8284,90.866,905.23,468.45,435.57,530.98,824.11,526.43,66.605,1242.67,265.71,18715.0,51.634,52.726,5008.25,56.687,96.45,146.69,147.13,425.123,242.77,501.45,113.41
2024-01-26,710.74,772.56,4.8326,90.909,905.59,469.41,436.0,531.28,821.81,528.96,66.58,1244.72,265.38,18717.0,51.572,52.658,4993.97,56.721,96.64,146.57,146.55,425.313,242.05,500.73,113.36
2024-01-29,710.97,772.18,4.8187,90.973,904.89,468.91,434.55,530.68,825.19,530.31,66.536,1257.43,264.0,18704.0,51.559,52.645,5033.06,56.653,96.64,146.93,146.51,425.324,241.51,498.78,113.28
2024-01-30,710.55,771.5,4.839,90.95,905.74,471.27,437.47,531.73,827.23,531.58,66.478,1249.77,264.24,18661.0,51.582,52.669,5049.75,56.692,96.73,146.63,146.4,426.141,242.31,496.18,113.31
2024-01-31,710.39,771.53,4.8322,90.878,904.21,469.55,436.93,531.44,826.51,531.73,66.514,1255.9,264.02,18626.0,51.596,52.682,5012.23,56.431,96.71,146.29,146.83,426.408,241.42,495.65,113.4
2024-02-01,710.49,769.53,4.8564,90.879,903.94,468.1,436.21,531.51,826.89,530.79,66.551,1259.09,262.21,18657.0,51.563,52.646,4991.87,56.311,96.95,146.0,147.74,426.163,242.14,497.62,113.43
2024-02-02,710.06,773.2,4.8649,90.805,906.67,467.75,437.42,532.12,829.65,531.88,66.568,1267.06,261.48,18631.0,51.655,52.738,4957.16,55.907,96.54,146.02,146.86,428.075,240.56,495.8,113.51
2024-02-05,710.7,767.55,4.8065,90.855,900.2,463.3,432.07,530.85,821.88,530.17,66.338,1271.17,265.48,18593.0,51.553,52.633,5017.03,56.39,97.28,147.63,149.38,427.708,241.68,496.15,113.45
2024-02-06,710.82,766.69,4.8087,90.864,894.76,463.14,433.06,529.43,819.91,527.61,66.799,1266.51,267.43,18593.0,51.497,52.583,5057.07,56.789,97.49,148.4,149.84,428.024,240.77,499.93,113.36
2024-02-07,710.49,766.09,4.8244,90.843,897.3,465.17,435.08,529.67,818.88,528.26,67.086,1267.81,264.74,18550.0,51.618,52.704,5057.7,56.917,97.63,147.44,148.76,429.465,239.94,497.87,113.5
2024-02-08,710.63,767.81,4.8208,90.879,899.8,465.35,436.46,530.29,815.14,529.71,66.99,1280.61,265.56,18569.0,51.578,52.667,5071.13,56.713,97.38,147.0,148.58,429.431,240.08,498.08,113.34
2024-02-09,710.36,768.58,4.7901,90.819,900.17,463.66,436.41,529.16,816.68,530.35,67.132,1274.16,266.29,18585.0,51.525,52.608,5071.33,56.436,97.22,146.82,148.92,430.178,241.15,501.25,113.41
2024-02-19,710.32,767.96,4.7572,90.819,899.04,466.02,437.36,529.45,809.74,529.47,67.245,1290.0,264.91,18626.0,51.541,52.63,5072.61,56.568,97.21,146.32,147.61,432.703,239.85,503.24,113.51
2024-02-20,710.68,767.99,4.7531,90.862,897.38,466.05,438.81,529.12,807.54,528.52,67.424,1293.05,266.27,18674.0,51.564,52.654,5078.46,56.537,97.32,145.78,147.31,433.329,239.96,504.61,113.44
2024-02-21,710.3,769.94,4.7587,90.826,899.0,467.15,440.18,529.64,807.6,527.15,67.545,1290.47,265.95,18679.0,51.616,52.7,5049.46,56.22,97.07,145.38,147.3,434.318,240.26,504.13,113.46
2024-02-22,710.18,770.88,4.7439,90.817,900.13,467.15,441.27,529.54,810.05,528.01,67.5,1292.6,265.78,18662.0,51.602,52.666,5036.86,56.163,96.96,145.4,147.18,435.684,240.06,502.56,113.47
2024-02-23,710.64,771.02,4.7401,90.848,902.09,467.79,442.44,530.24,809.5,528.82,67.296,1302.38,269.3,18582.0,51.614,52.707,5043.08,56.256,96.95,144.8,147.48,436.283,240.98,502.85,113.43
2024-02-26,710.8,771.71,4.7458,90.844,903.78,468.57,442.09,530.48,809.46,528.64,67.162,1316.0,271.17,18607.0,51.534,52.621,5054.16,55.981,96.84,144.75,147.78,435.637,240.78,503.15,113.46
2024-02-27,710.57,773.09,4.7385,90.832,903.59,466.21,440.25,529.52,809.57,527.94,67.239,1291.14,271.21,18631.0,51.581,52.672,5049.41,55.91,96.69,144.27,147.64,436.987,240.61,502.82,113.45
2024-02-28,710.75,772.9,4.7428,90.823,903.84,466.95,440.92,530.05,810.88,527.16,66.98,1287.0,268.3,18631.0,51.568,52.658,5072.76,55.89,96.73,144.57,147.84,437.194,240.21,502.41,113.46
2024-02-29,710.36,772.49,4.7391,90.753,902.49,463.45,435.52,529.37,811.42,525.48,67.092,1278.28,270.6,18656.0,51.552,52.64,5105.22,56.056,96.72,144.96,148.65,438.119,240.63,504.2,113.56
2024-03-01,710.59,770.17,4.7529,90.772,899.7,463.58,434.69,529.1,805.74,525.31,66.732,1277.03,269.72,18654.0,51.58,52.67,5116.21,56.227,97.09,145.51,149.11,439.411,240.06,502.29,113.53
2024-03-04,710.2,772.24,4.7524,90.725,901.55,465.45,435.92,529.44,806.2,525.86,66.601,1282.76,268.61,18634.0,51.573,52.691,5116.36,56.062,96.76,144.8,147.92,440.893,239.53,501.75,113.59
2024-03-05,710.27,773.47,4.7431,90.763,904.17,464.17,435.2,530.01,804.98,525.32,66.489,1278.86,267.51,18624.0,51.58,52.668,5131.62,56.041,96.63,145.48,148.44,443.269,238.7,500.45,113.54
2024-03-06,710.16,773.35,4.7577,90.767,905.01,463.71,434.42,530.13,806.29,524.54,66.71,1270.08,266.86,18681.0,51.588,52.681,5107.38,55.927,96.64,145.69,148.5,445.259,238.59,501.55,113.53
2024-03-07,710.02,775.94,4.7802,90.769,906.15,467.79,437.29,531.51,805.91,527.12,66.432,1269.94,264.67,18618.0,51.642,52.735,5089.66,55.574,96.35,144.48,147.42,446.889,237.84,499.23,113.54
2024-03-08,709.78,779.15,4.8211,90.765,911.29,471.35,440.54,533.35,810.52,529.13,65.993,1268.99,262.93,18548.0,51.673,52.77,5087.46,55.392,95.97,143.62,146.3,449.095,237.93,498.82,113.53
2024-03-11,709.69,778.78,4.8545,90.751,914.72,471.76,440.69,534.21,811.09,528.05,66.032,1274.47,264.44,18450.0,51.647,52.741,5073.16,55.422,96.01,143.48,146.59,449.624,236.8,496.91,113.56
2024-03-12,709.63,777.82,4.8568,90.731,912.08,471.17,440.0,534.69,811.2,528.35,66.003,1273.03,262.74,18368.0,51.64,52.731,5085.97,55.202,96.11,143.84,146.84,450.361,236.82,497.12,113.58
2024-03-13,709.3,777.96,4.8256,90.661,910.89,470.77,438.54,534.04,811.52,528.1,65.912,1284.75,262.61,18370.0,51.619,52.709,5141.64,55.27,96.06,143.72,147.76,450.904,236.66,499.63,113.66
2024-03-14,709.74,779.12,4.8276,90.739,910.69,471.85,439.37,533.71,808.99,528.66,66.044,1279.99,261.36,18408.0,51.66,52.754,5097.84,55.137,95.97,143.66,147.39,451.67,235.04,499.65,113.56
2024-03-15,709.75,775.69,4.8134,90.735,908.83,469.37,437.36,533.3,806.52,527.02,66.049,1280.62,263.28,18487.0,51.549,52.637,5116.71,55.525,96.37,145.07,148.36,451.937,235.22,499.97,113.57
2024-03-18,709.43,775.59,4.7895,90.696,907.25,467.92,434.58,532.19,806.65,526.56,66.267,1296.08,263.58,18600.0,51.559,52.652,5080.69,55.608,96.41,145.41,149.15,451.672,235.45,501.66,113.66
2024-03-19,709.85,774.39,4.7831,90.772,906.43,467.53,434.32,531.56,802.66,526.75,66.501,1282.87,266.51,18675.0,51.597,52.693,5116.56,56.012,96.58,146.41,149.63,454.276,237.2,503.56,113.53
2024-03-20,709.68,774.41,4.7282,90.722,906.82,465.87,431.95,530.61,802.51,525.77,66.642,1292.99,265.85,18699.0,51.545,52.638,5112.85,55.895,96.54,146.35,149.37,454.664,236.68,504.56,113.59
2024-03-21,709.42,777.69,4.7258,90.709,909.71,469.25,433.62,530.52,803.04,528.11,66.517,1292.81,263.23,18646.0,51.681,52.776,5076.36,55.608,96.15,145.82,148.48,455.923,235.31,504.3,113.61
2024-03-22,710.04,774.65,4.7118,90.792,903.55,469.12,432.7,530.52,795.43,527.57,66.437,1286.44,264.45,18578.0,51.586,52.683,5099.98,55.755,96.52,146.63,149.46,451.766,235.71,506.09,113.5
2024-03-25,709.96,771.67,4.7274,90.774,899.53,465.9,428.96,528.76,795.19,525.42,66.648,1283.08,266.48,18679.0,51.483,52.578,5170.49,56.236,96.96,147.86,150.52,449.627,235.76,508.05,113.52
2024-03-26,709.43,772.03,4.7127,90.706,899.94,466.2,428.48,528.89,791.74,524.85,66.526,1298.42,265.63,18696.0,51.589,52.687,5158.29,55.952,96.88,148.42,150.51,451.804,235.02,508.66,113.61
2024-03-27,709.46,771.79,4.7099,90.698,899.75,466.16,429.17,529.32,788.41,525.08,66.583,1293.83,266.83,18732.0,51.585,52.686,5145.47,56.073,97.02,148.57,151.11,452.33,234.65,507.76,113.62
2024-03-28,709.48,770.43,4.7195,90.685,899.58,465.32,427.93,528.73,787.38,525.48,66.625,1292.0,266.07,18818.0,51.553,52.656,5142.93,56.206,97.09,149.26,151.71,453.312,233.35,508.39,113.64
2024-03-29,709.5,767.65,4.7158,90.655,900.04,464.02,425.83,527.62,790.74,527.38,66.721,1292.5,266.0,18806.0,51.564,52.662,5145.42,56.216,97.32,150.37,152.76,454.454,233.93,509.76,113.67
2024-04-01,709.38,768.89,4.7148,90.644,899.89,465.97,427.73,528.35,789.82,527.26,66.594,1293.68,265.13,18799.0,51.592,52.692,5143.5,56.106,97.36,149.88,152.37,455.222,233.33,508.51,113.7
2024-04-02,709.57,766.5,4.7138,90.675,896.2,464.3,426.73,527.84,788.89,526.65,66.614,1289.06,265.98,18845.0,51.535,52.63,5166.45,56.255,97.62,151.1,153.46,452.686,233.98,509.95,113.65
2024-04-03,709.49,767.73,4.7106,90.629,895.79,464.81,426.53,526.9,784.69,525.9,66.92,1291.27,264.04,18830.0,51.583,52.686,5166.77,56.164,97.58,150.7,152.22,449.881,233.47,511.54,113.7
2024-04-08,709.47,771.37,4.7065,90.623,898.91,468.48,429.13,527.63,788.34,524.09,66.951,1292.02,263.21,18875.0,51.617,52.721,5073.04,55.761,97.08,149.49,151.1,449.366,232.21,512.52,113.66
2024-04-09,709.56,773.82,4.7022,90.605,901.61,471.2,431.35,528.36,787.08,525.52,66.941,1290.82,262.08,18902.0,51.599,52.702,5059.57,55.295,96.77,148.15,150.01,451.652,230.18,512.79,113.74
2024-04-10,709.59,774.02,4.706,90.615,903.46,473.2,433.71,529.62,789.16,525.77,66.899,1297.47,259.43,18880.0,51.57,52.675,5061.4,55.35,96.74,147.95,149.85,452.404,230.88,508.38,113.73
2024-04-11,709.68,766.9,4.6778,90.584,895.48,466.01,428.62,526.99,782.54,522.45,66.831,1301.71,263.63,18944.0,51.475,52.578,5126.98,55.909,97.66,150.08,151.89,452.658,231.83,510.92,113.76
2024-04-12,709.67,765.29,4.6654,90.55,895.48,467.08,429.51,526.99,783.75,521.94,66.885,1302.8,263.06,19036.0,51.535,52.64,5119.3,55.945,97.82,150.3,151.76,453.32,231.61,508.96,113.8
2024-04-15,709.79,761.79,4.6677,90.577,891.63,464.51,426.8,525.1,782.18,520.69,66.995,1304.15,264.29,19165.0,51.463,52.565,5161.94,56.373,98.09,151.5,152.0,453.526,233.3,511.29,113.77
2024-04-16,710.28,759.69,4.6419,90.705,889.83,461.51,422.88,523.77,783.02,519.35,67.186,1304.6,266.05,19280.0,51.478,52.582,5185.53,56.649,98.42,151.98,152.83,454.144,234.4,512.25,113.61
2024-04-17,710.25,759.73,4.6333,90.69,889.0,460.63,422.18,523.31,782.7,518.29,67.193,1312.9,266.75,19316.0,51.465,52.582,5199.85,57.487,98.42,152.9,153.3,454.773,238.78,511.46,113.63
2024-04-18,710.2,759.8,4.6363,90.707,888.54,459.29,421.49,523.92,782.71,518.63,67.259,1314.11,266.81,19208.0,51.583,52.666,5169.07,56.945,98.45,153.42,154.47,455.275,237.95,513.51,113.73
2024-04-19,710.46,758.73,4.6329,90.711,888.7,458.7,421.03,523.78,782.2,519.45,67.238,1310.1,268.32,19193.0,51.518,52.622,5186.17,57.014,98.63,153.71,155.07,455.756,239.4,513.51,113.6
2024-04-22,710.43,759.55,4.6334,90.696,884.56,459.44,420.97,524.13,783.06,520.12,67.16,1298.34,268.24,19191.0,51.514,52.613,5175.52,56.548,98.44,153.01,154.51,456.005,239.55,515.28,113.62
2024-04-23,710.59,760.53,4.6228,90.687,881.48,461.19,424.02,523.57,782.79,521.61,67.255,1307.56,269.38,19208.0,51.493,52.591,5204.53,56.995,98.46,152.46,154.02,456.44,241.13,516.99,113.64
2024-04-24,710.48,763.32,4.6199,90.678,887.59,463.33,424.78,523.45,781.92,522.42,67.261,1299.88,268.48,19141.0,51.553,52.654,5172.86,56.707,98.12,151.6,153.13,456.517,238.92,515.34,113.64
2024-04-25,710.58,763.72,4.6082,90.743,889.32,464.65,425.28,523.64,780.45,521.4,67.283,1287.53,269.97,19146.0,51.498,52.587,5181.77,57.016,98.04,152.47,154.21,456.384,240.4,517.17,113.6
2024-04-26,710.56,765.61,4.5967,90.777,892.5,466.36,426.91,524.6,781.82,523.06,67.246,1285.98,267.26,19135.0,51.515,52.606,5155.6,56.602,97.79,152.49,153.76,456.196,242.15,516.46,113.55
2024-04-29,710.66,764.86,4.5252,90.772,893.58,468.11,426.48,524.46,782.08,523.68,67.122,1280.98,263.89,19172.0,51.461,52.547,5157.04,56.767,97.89,152.92,154.35,455.424,241.54,515.9,113.53
2024-04-30,710.63,764.58,4.577,90.805,895.94,469.05,427.81,524.1,783.19,522.55,67.161,1300.2,261.77,19165.0,51.523,52.614,5140.39,56.669,97.94,153.21,154.3,454.533,239.53,517.4,113.49
2024-05-06,709.94,766.32,4.655,90.886,893.25,471.34,428.96,527.02,786.39,520.66,66.764,1280.82,260.38,19016.0,51.636,52.728,5102.61,56.628,97.68,151.71,152.67,454.31,239.36,514.25,113.33
2024-05-07,710.02,767.42,4.6289,90.806,895.0,472.74,429.46,526.79,786.09,521.78,66.772,1277.09,259.65,18954.0,51.574,52.662,5080.56,56.31,97.49,151.7,152.11,452.789,237.75,515.21,113.49
2024-05-08,710.16,766.59,4.6145,90.788,891.62,470.64,429.04,525.82,784.94,519.83,66.729,1277.18,259.93,19010.0,51.537,52.625,5092.88,56.457,97.59,152.29,153.22,452.537,238.11,516.16,113.51
2024-05-09,710.28,766.39,4.5939,90.878,891.03,469.84,429.34,525.83,785.44,520.15,66.723,1281.2,260.91,19050.0,51.53,52.62,5091.83,56.311,97.61,152.86,152.99,452.791,238.13,516.11,113.39
2024-05-10,710.11,768.17,4.5954,90.867,892.23,472.1,431.21,526.34,786.43,521.37,66.689,1292.91,259.55,19100.0,51.585,52.677,5068.3,55.989,97.41,152.23,152.39,453.194,236.51,513.72,113.41
2024-05-13,710.3,768.29,4.5867,90.889,893.54,471.73,430.84,526.04,786.94,522.07,66.716,1292.0,258.86,19119.0,51.538,52.626,5067.7,56.204,97.42,151.99,152.24,452.28,236.25,513.45,113.37
2024-05-14,710.53,769.51,4.5752,90.962,895.38,471.97,430.69,526.57,785.13,522.22,66.578,1277.86,257.84,19073.0,51.546,52.634,5048.54,55.918,97.29,151.99,151.77,452.408,236.51,513.89,113.29
2024-05-15,710.49,771.29,4.5676,90.955,897.5,473.16,432.4,526.95,786.34,522.75,66.314,1274.89,258.45,19050.0,51.534,52.636,5023.48,55.56,97.08,151.52,151.65,452.866,237.17,510.95,113.3
2024-05-16,710.2,774.98,4.6241,90.998,902.68,477.15,437.23,529.27,789.71,523.64,66.064,1273.49,256.93,18969.0,51.663,52.754,4994.95,55.182,96.61,149.71,149.93,452.325,235.17,508.52,113.27
2024-05-17,710.45,774.46,4.5959,91.057,903.02,476.79,438.01,528.96,786.41,523.87,65.954,1270.0,255.53,18856.0,51.589,52.678,5011.2,55.2,96.69,150.32,150.27,452.675,234.93,506.26,113.17
2024-05-20,710.42,775.28,4.5866,91.034,905.83,478.43,438.62,529.5,784.4,524.48,65.956,1270.79,255.23,18916.0,51.547,52.633,5010.38,55.151,96.52,150.08,149.83,452.229,233.62,504.51,113.18
2024-05-21,710.69,775.03,4.5754,91.153,907.05,476.87,437.43,529.16,784.01,524.39,65.99,1266.32,255.02,18952.0,51.508,52.598,5000.5,55.117,96.6,149.72,150.08,451.516,232.96,503.98,113.06
2024-05-22,710.77,775.08,4.5814,91.072,907.46,476.94,436.68,529.4,783.56,524.01,66.053,1261.2,253.52,19012.0,51.493,52.582,4993.24,55.085,96.58,149.69,149.52,451.147,233.86,507.51,113.16
2024-05-23,710.98,773.3,4.5695,91.094,908.67,473.96,437.55,528.81,780.56,522.47,66.058,1257.28,256.56,19009.0,51.46,52.545,5026.95,55.435,96.83,150.26,150.02,451.145,234.31,507.94,113.12
2024-05-24,711.02,772.54,4.5615,91.048,907.17,472.69,437.33,528.14,781.42,521.08,66.226,1277.11,258.98,19030.0,51.447,52.534,5022.39,55.441,96.92,150.21,149.5,450.951,235.2,510.21,113.19
2024-05-27,710.91,774.02,4.5595,90.981,908.51,473.52,438.28,528.28,780.36,522.27,66.256,1249.42,258.37,19054.0,51.516,52.605,4982.7,55.169,96.73,149.38,148.72,451.551,234.59,511.35,113.27
2024-05-28,711.01,775.04,4.5584,91.082,910.96,475.61,440.47,528.67,781.04,523.93,66.047,1239.53,258.03,18980.0,51.541,52.635,4986.16,55.243,96.67,148.73,147.22,450.483,234.67,510.34,113.14
2024-05-29,711.06,775.08,4.5519,91.025,911.16,475.58,440.15,529.07,782.83,523.88,66.056,1234.99,256.5,18970.0,51.473,52.56,4986.66,55.153,96.64,148.08,147.44,451.568,236.23,510.6,113.21
2024-05-30,711.11,772.22,4.548,91.019,908.14,473.66,438.77,528.31,783.33,521.89,66.194,1246.75,258.62,19072.0,51.387,52.48,5045.43,55.683,96.94,149.24,148.29,451.314,239.36,513.02,113.22
2024-05-31,710.88,773.22,4.5611,90.927,908.53,474.02,438.05,528.49,790.16,522.24,66.153,1257.06,262.87,19221.0,51.49,52.585,5053.33,55.603,96.79,148.32,147.9,451.777,239.24,512.17,113.28
2024-06-03,710.86,774.57,4.5504,90.892,909.51,475.84,440.32,528.13,791.35,524.4,66.199,1260.36,263.79,19258.0,51.495,52.585,5049.31,55.4,96.62,147.5,147.29,451.538,238.77,513.29,113.39
2024-06-04,710.83,777.87,4.5781,90.911,913.16,477.77,442.96,529.68,796.35,523.59,66.069,1246.09,260.24,19175.0,51.559,52.65,5038.68,55.156,96.26,145.94,146.66,451.42,248.65,511.94,113.35
2024-06-05,710.97,776.98,4.6174,91.024,911.99,475.5,442.51,529.94,802.23,522.68,66.099,1247.31,262.73,19169.0,51.477,52.566,5082.41,55.683,96.34,146.15,148.08,457.172,250.58,510.34,113.21
2024-06-06,711.08,776.64,4.5896,91.061,913.53,475.98,444.01,529.45,799.92,522.19,66.066,1241.74,265.73,19093.0,51.476,52.566,5050.04,55.497,96.39,145.49,148.18,451.769,246.35,510.04,113.17
2024-06-07,711.06,777.6,4.5984,91.037,913.05,476.88,443.91,530.27,802.28,522.81,66.044,1244.33,266.36,19071.0,51.489,52.581,5035.0,55.331,96.28,145.47,147.96,452.143,251.8,507.89,113.2
2024-06-11,711.35,769.7,4.5596,91.059,910.6,473.35,439.96,528.4,796.53,520.48,66.334,1237.68,262.41,19124.0,51.393,52.475,5133.12,56.486,97.25,146.48,148.97,453.09,259.42,511.53,113.15
2024-06-12,711.33,767.88,4.5588,91.081,910.85,473.48,440.99,528.22,794.99,520.53,66.3,1243.19,260.1,19163.0,51.4,52.484,5169.68,56.793,97.45,146.61,149.69,453.053,260.96,511.25,113.14
2024-06-13,711.22,771.97,4.5636,91.08,913.06,476.24,442.69,529.41,796.72,520.64,66.259,1244.92,257.97,19093.0,51.493,52.585,5139.77,56.377,97.0,145.36,148.32,453.044,264.04,510.86,113.14
2024-06-14,711.51,767.95,4.5603,91.091,912.28,475.18,441.96,528.96,798.58,521.04,66.204,1224.12,258.21,19132.0,51.4,52.496,5193.72,56.897,97.46,146.5,149.05,454.846,259.37,511.27,113.13
2024-06-17,711.49,765.55,4.5502,91.087,907.58,474.05,440.47,528.05,801.63,521.32,66.28,1247.45,257.31,19209.0,51.372,52.468,5221.64,57.394,97.77,147.03,149.44,458.138,259.95,510.42,113.08
2024-06-18,711.48,767.49,4.5461,91.095,908.28,473.64,439.76,528.47,802.68,521.62,66.189,1236.27,255.75,19201.0,51.415,52.526,5175.14,56.845,97.52,146.49,149.22,459.262,260.77,512.62,113.14
2024-06-19,711.59,766.87,4.5381,91.137,907.06,476.19,439.79,528.09,806.06,520.98,66.211,1195.38,253.12,19231.0,51.482,52.589,5162.0,56.827,97.66,146.21,148.33,456.326,259.16,511.16,113.09
2024-06-20,711.92,768.01,4.5378,91.199,908.66,477.61,440.16,528.64,806.51,521.81,66.194,1162.7,251.54,19239.0,51.453,52.553,5178.24,56.574,97.52,146.02,147.92,455.255,259.4,510.83,113.01
2024-06-21,711.96,766.23,4.5182,91.232,906.24,477.61,439.95,527.94,801.61,524.18,66.207,1213.08,251.63,19302.0,51.366,52.463,5203.93,56.749,97.73,146.64,147.45,459.046,257.89,511.0,112.97
2024-06-24,712.01,765.07,4.4952,91.239,904.5,475.89,439.03,527.8,799.15,523.14,66.139,1239.28,252.15,19308.0,51.351,52.448,5207.25,56.809,97.85,146.77,147.92,458.916,254.59,511.08,112.96
2024-06-25,712.25,767.03,4.494,91.234,906.03,476.26,438.98,527.74,798.56,523.63,66.203,1222.28,253.85,19288.0,51.444,52.547,5173.58,56.189,97.66,146.54,147.69,461.097,252.5,511.07,112.98
2024-06-26,712.48,766.54,4.5001,91.235,907.82,476.53,439.63,527.85,798.19,524.56,66.085,1221.69,255.37,19316.0,51.366,52.472,5189.02,56.362,97.69,146.82,148.5,460.77,254.78,510.76,112.97
2024-06-27,712.7,765.01,4.4783,91.272,904.23,476.97,437.1,526.58,797.24,523.34,66.188,1226.68,254.1,19315.0,51.305,52.406,5211.34,56.675,97.86,147.26,149.28,458.718,257.21,513.17,112.85
2024-06-28,712.68,766.17,4.4738,91.268,904.3,476.5,436.9,527.9,794.71,522.74,66.248,1188.94,258.46,19273.0,51.381,52.475,5198.0,56.533,97.74,148.44,149.13,459.736,259.24,512.4,112.91
2024-07-01,712.65,767.87,4.4682,91.261,904.27,477.68,437.58,527.13,793.44,523.36,66.21,1192.75,253.01,19207.0,51.434,52.539,5162.87,56.429,97.56,147.81,149.21,457.867,256.9,511.51,112.93
2024-07-02,712.91,768.92,4.4587,91.267,905.82,477.79,436.3,527.03,792.09,522.37,66.156,1207.04,256.47,19216.0,51.326,52.425,5155.36,56.387,97.38,148.06,148.99,455.935,258.01,510.64,112.93
2024-07-03,713.12,769.39,4.4552,91.278,908.31,478.3,436.97,527.35,790.8,524.13,66.24,1221.26,260.36,19275.0,51.35,52.449,5152.06,56.252,97.28,147.67,149.17,454.881,256.4,512.21,112.92
2024-07-04,713.05,772.32,4.4517,91.29,911.96,480.99,438.53,528.49,792.58,525.41,66.199,1230.43,257.86,19257.0,51.363,52.459,5133.1,55.909,96.97,146.54,147.64,454.979,255.3,510.22,112.88
2024-07-05,712.89,774.09,4.459,91.292,912.9,482.29,439.31,528.96,793.8,526.27,66.091,1237.42,255.62,19182.0,51.36,52.454,5100.7,55.578,96.77,146.65,147.8,456.099,254.02,509.27,112.91
2024-07-08,712.86,774.7,4.4739,91.24,916.3,483.53,441.07,530.1,797.9,525.03,66.123,1223.71,254.2,19171.0,51.376,52.468,5089.78,55.562,96.67,146.69,147.65,456.366,254.15,507.11,112.94
2024-07-09,713.1,775.35,4.4748,91.304,917.25,483.54,440.58,529.82,796.59,525.7,66.082,1215.67,253.39,19222.0,51.352,52.442,5109.97,55.277,96.57,147.62,148.13,457.13,252.62,506.51,112.81
2024-07-10,713.42,774.95,4.4628,91.329,916.33,483.99,440.65,529.84,797.03,526.21,66.002,1218.67,253.85,19223.0,51.301,52.388,5110.01,55.169,96.61,147.2,148.1,459.262,251.16,505.79,112.81
2024-07-11,713.39,776.28,4.457,91.34,920.79,484.63,437.84,530.93,795.27,526.77,65.865,1231.06,253.2,19202.0,51.214,52.418,5092.73,55.151,96.45,147.14,149.64,459.105,250.28,504.66,112.8
2024-07-12,713.15,777.26,4.5253,91.339,923.24,484.12,436.55,531.98,796.36,524.9,65.646,1214.54,252.04,19118.0,51.43,52.518,5087.95,55.083,96.4,146.83,150.09,461.373,249.67,502.53,112.81
2024-07-15,713.13,779.29,4.5354,91.333,928.26,485.38,437.76,532.52,797.15,524.99,65.555,1223.36,251.86,19141.0,51.344,52.431,5053.74,54.83,96.06,147.17,150.11,462.028,248.38,503.36,112.84
2024-07-16,713.28,780.47,4.5429,91.368,928.88,485.17,436.66,532.37,798.55,524.34,65.55,1226.74,254.68,19239.0,51.321,52.411,5036.52,54.78,95.93,147.99,151.03,461.062,248.83,502.73,112.81
2024-07-17,713.18,780.89,4.5384,91.358,929.32,482.9,435.77,532.27,800.45,524.53,65.559,1229.49,252.44,19217.0,51.318,52.409,5041.99,55.073,95.83,147.85,150.64,461.557,247.84,500.89,112.83
2024-07-18,712.85,782.53,4.6067,91.317,930.15,481.93,436.26,533.26,808.78,523.25,65.437,1231.52,254.93,19180.0,51.408,52.495,5017.31,55.078,95.72,147.36,150.11,462.926,249.14,499.98,112.87
2024-07-19,713.15,780.9,4.5691,91.311,927.95,481.42,434.62,532.62,806.21,523.54,65.487,1228.86,255.16,19229.0,51.287,52.376,5025.71,55.187,95.87,147.82,151.04,462.126,252.07,502.05,112.87
2024-07-22,713.35,780.87,4.5666,91.333,926.79,480.73,432.92,532.47,805.64,523.33,65.689,1221.11,254.74,19277.0,51.301,52.387,5024.3,55.143,95.85,148.48,151.73,461.948,252.33,504.22,112.83
2024-07-23,713.34,780.47,4.5756,91.377,926.74,476.87,429.93,531.89,804.14,521.5,65.647,1221.12,255.19,19259.0,51.296,52.388,5014.14,55.078,95.95,149.6,153.05,459.903,251.76,504.94,112.77
2024-07-24,713.58,777.64,4.6107,91.381,924.65,474.83,428.18,532.25,802.6,520.52,65.568,1220.57,257.34,19231.0,51.296,52.391,5042.64,55.275,96.31,150.22,153.92,458.439,254.8,502.09,112.77
2024-07-25,713.21,776.43,4.6703,91.34,923.92,471.68,425.83,532.89,808.0,519.23,65.536,1199.76,256.77,19204.0,51.332,52.426,5088.99,55.589,96.49,150.41,154.14,458.919,257.98,502.1,112.83
2024-07-26,712.7,775.99,4.6617,91.304,919.2,468.25,422.03,532.07,810.91,517.75,65.409,1184.6,257.15,19279.0,51.39,52.49,5072.25,55.392,96.44,151.38,154.32,463.362,258.99,504.89,112.86
2024-07-29,713.16,776.79,4.6526,91.339,920.92,470.16,423.19,532.31,808.13,518.21,65.309,1198.24,256.06,19248.0,51.366,52.47,5051.07,55.228,96.39,151.11,154.03,460.398,258.72,500.81,112.82
2024-07-30,713.64,774.97,4.6645,91.354,921.13,469.96,422.38,532.93,807.21,517.5,65.022,1201.48,257.87,19217.0,51.319,52.416,5092.28,55.645,96.61,151.24,153.71,461.802,261.9,500.18,112.8
2024-07-31,713.46,774.39,4.6958,91.336,919.0,468.93,423.92,532.95,810.16,517.33,64.733,1196.43,256.19,19256.0,51.352,52.451,5123.23,55.605,96.66,150.34,153.08,462.824,263.15,499.35,112.83
2024-08-01,713.23,773.59,4.7699,91.283,918.09,467.96,426.2,534.16,812.43,517.7,64.168,1202.07,255.19,19110.0,51.447,52.554,5107.04,55.62,96.76,149.75,152.81,464.457,261.67,495.86,112.89
2024-08-02,713.76,772.46,4.8075,91.343,912.08,465.94,426.53,535.08,819.15,516.61,63.951,1191.12,255.82,19101.0,51.333,52.447,5148.43,55.891,96.9,149.8,152.94,463.361,265.0,494.95,112.81
2024-08-05,713.45,778.89,4.9003,91.737,912.61,463.89,424.83,537.98,832.66,514.49,62.551,1198.14,256.67,19075.0,51.487,52.609,5115.92,55.201,96.01,148.26,153.48,465.732,272.13,494.94,112.64
2024-08-06,713.18,781.43,4.9069,91.556,912.01,464.87,424.81,538.31,834.89,516.58,62.223,1191.34,259.38,19186.0,51.52,52.657,5080.86,55.083,95.58,147.8,154.34,468.324,269.53,496.7,112.55
2024-08-07,713.86,779.95,4.9409,91.562,906.01,465.63,426.83,538.55,837.24,518.07,62.655,1198.96,259.0,19262.0,51.443,52.582,5102.0,55.279,95.67,147.56,152.98,470.94,272.76,496.56,112.55
2024-08-08,714.6,781.51,4.9002,91.733,907.01,466.17,428.8,538.82,831.98,520.08,62.821,1198.26,257.42,19243.0,51.381,52.506,5098.97,55.408,95.58,146.39,151.19,469.123,269.96,497.22,112.34
2024-08-09,714.49,780.64,4.8486,91.658,911.39,471.27,429.76,539.28,825.27,520.67,62.604,1212.03,256.74,19215.0,51.365,52.476,5079.18,55.415,95.66,147.01,151.67,469.263,264.17,493.04,112.43
2024-08-12,714.58,780.38,4.8669,91.623,911.46,469.85,429.1,539.8,826.03,520.49,61.817,1238.53,256.14,19071.0,51.386,52.489,5055.95,55.399,95.74,147.07,151.34,468.812,263.52,492.3,112.47
2024-08-13,714.79,782.17,4.8684,91.743,913.49,471.42,431.26,540.23,826.68,520.89,62.231,1270.03,255.08,19128.0,51.337,52.462,5040.1,55.102,95.47,147.06,151.04,468.687,266.35,490.51,112.32
2024-08-14,714.15,785.17,4.8607,91.691,918.64,473.73,434.04,542.24,825.57,520.91,62.07,1281.33,253.56,19078.0,51.432,52.57,5009.65,54.614,95.06,146.51,150.31,469.147,266.05,490.22,112.39
2024-08-15,713.99,786.18,4.8479,91.626,915.68,470.86,428.12,542.29,825.19,520.56,61.929,1257.91,253.12,19028.0,51.439,52.563,5024.89,54.57,94.9,146.59,150.13,470.634,263.61,491.14,112.44
2024-08-16,714.64,784.88,4.7945,91.654,919.72,473.14,428.47,540.86,819.66,520.95,62.267,1241.96,251.69,19033.0,51.373,52.491,5046.35,54.703,95.14,147.34,150.24,471.13,261.13,489.54,112.43
2024-08-19,714.15,787.48,4.8279,91.624,924.17,476.56,432.41,542.94,822.85,522.01,61.705,1252.4,250.06,18875.0,51.448,52.551,5013.85,54.173,94.83,146.13,149.61,471.618,260.82,484.31,112.47
2024-08-20,713.25,790.26,4.8581,91.6,925.7,479.91,435.93,545.16,825.88,522.84,61.328,1261.23,248.56,18699.0,51.524,52.638,4985.88,53.962,94.46,144.6,148.04,473.565,261.88,482.22,112.5
2024-08-21,713.07,793.25,4.9141,91.553,929.02,480.97,439.03,546.53,836.15,523.57,61.282,1278.02,249.65,18656.0,51.522,52.638,4959.77,53.877,94.05,143.11,147.17,475.48,266.58,479.12,112.59
2024-08-22,712.28,794.63,4.9139,91.411,932.54,480.72,438.81,545.95,837.33,524.4,61.37,1283.56,250.54,18714.0,51.556,52.658,4938.74,53.809,93.92,142.97,147.39,476.177,270.63,481.03,112.74
2024-08-23,713.58,793.16,4.8864,91.524,934.69,478.85,438.86,544.74,838.05,524.77,61.47,1280.5,252.41,18797.0,51.467,52.581,4962.31,54.013,94.06,143.44,148.37,476.018,273.44,482.83,112.59
2024-08-26,711.39,795.84,4.9485,91.267,939.34,482.68,442.75,546.93,839.66,526.43,61.286,1285.76,249.42,18617.0,51.66,52.776,4944.99,53.637,93.78,143.37,147.19,478.373,270.68,477.31,112.93
2024-08-27,712.49,794.94,4.9302,91.359,939.26,482.51,442.12,546.17,840.91,528.28,61.094,1291.66,248.71,18662.0,51.576,52.691,4961.67,53.859,93.85,143.39,148.04,477.832,272.32,477.15,112.8
2024-08-28,712.16,796.16,4.9516,91.278,944.16,483.52,444.78,547.31,846.37,529.61,61.003,1285.08,248.9,18668.0,51.577,52.695,4934.43,53.786,93.7,142.52,146.9,477.966,277.9,476.29,112.9
2024-08-29,712.99,793.18,4.9386,91.423,940.54,483.72,445.71,547.11,847.37,529.07,60.878,1283.94,250.11,18742.0,51.519,52.636,4961.73,54.185,94.04,143.02,147.42,479.189,276.23,477.41,112.72
2024-08-30,711.24,788.07,4.9054,91.222,936.38,483.45,445.52,545.88,839.43,527.32,60.603,1293.76,249.57,18767.0,51.641,52.766,4983.53,54.367,94.65,143.7,147.65,479.217,279.04,477.18,112.97
2024-09-02,710.27,784.44,4.848,91.091,932.27,480.84,443.74,543.76,834.82,526.49,60.891,1275.79,251.09,18848.0,51.735,52.859,5009.39,54.653,95.09,144.52,149.33,479.963,277.56,479.63,113.13
2024-09-03,711.12,786.54,4.8414,91.208,934.06,482.54,442.68,543.95,834.79,526.69,61.277,1261.22,250.85,18822.0,51.664,52.79,4989.98,54.268,94.8,144.15,148.96,476.942,279.1,480.97,112.98
2024-09-04,711.48,785.82,4.9008,91.255,932.73,477.55,440.18,544.51,837.09,525.33,61.345,1233.37,252.56,18853.0,51.634,52.747,5008.95,54.454,94.92,144.8,150.21,477.911,278.45,481.29,112.93
2024-09-05,709.89,786.6,4.9482,91.081,933.03,476.93,439.4,544.64,838.94,525.53,61.239,1231.26,251.73,18802.0,51.744,52.879,4998.05,54.35,94.85,144.7,149.9,479.542,280.92,478.74,113.14
2024-09-06,709.25,787.83,4.9459,91.003,934.34,477.93,441.2,545.55,840.11,525.26,61.12,1244.25,249.67,18798.0,51.791,52.935,4990.84,54.36,94.69,144.6,149.9,479.284,280.49,474.11,113.24
2024-09-09,709.89,787.08,4.9854,91.057,932.52,473.69,438.29,544.74,841.21,523.49,61.072,1273.7,251.41,18853.0,51.743,52.882,5003.15,54.379,94.79,145.05,150.89,479.08,281.1,475.01,113.17
2024-09-10,711.36,784.98,4.9661,91.234,929.86,473.84,437.06,544.73,837.48,524.62,61.428,1272.77,251.26,18871.0,51.628,52.757,5053.71,54.454,95.03,145.87,152.31,479.113,279.56,476.38,112.95
2024-09-11,711.82,784.43,5.0034,91.293,931.12,473.66,437.88,545.81,840.54,523.1,60.975,1278.14,252.06,18870.0,51.594,52.707,5059.33,54.546,95.11,145.73,152.17,478.139,282.3,472.82,112.88
2024-09-12,712.14,784.0,4.993,91.332,928.46,475.59,436.95,545.9,835.01,524.57,60.824,1286.14,251.43,18816.0,51.579,52.7,5052.12,54.688,95.17,145.87,152.45,477.42,278.06,474.39,112.83
2024-09-13,710.3,786.8,5.016,91.069,932.62,477.57,439.33,545.94,835.5,523.15,60.967,1254.67,250.15,18802.0,51.719,52.842,5026.73,54.478,94.87,144.75,150.83,478.492,275.17,470.21,113.16
2024-09-18,708.7,788.35,4.9925,90.937,933.07,479.18,438.97,547.01,837.36,521.36,60.092,1291.21,248.19,18678.0,51.828,52.963,5005.81,54.227,94.66,143.64,149.56,480.794,269.8,470.69,113.35
2024-09-19,709.83,788.59,4.9782,91.06,936.87,479.74,440.5,547.76,837.89,521.52,59.824,1308.87,247.17,18727.0,51.74,52.869,4998.71,54.13,94.57,143.83,149.22,479.907,271.33,470.63,113.19
2024-09-20,706.44,788.34,4.9493,90.655,938.07,481.0,440.62,546.7,833.47,520.88,59.557,1303.88,247.84,18808.0,51.986,53.113,4999.9,54.219,94.62,143.84,148.68,482.354,273.4,468.79,113.69
2024-09-23,705.31,787.14,4.9011,90.536,939.06,480.18,439.79,546.42,829.2,519.89,59.556,1309.47,247.26,18910.0,52.076,53.204,4993.55,54.253,94.78,144.2,148.73,483.908,274.92,467.23,113.85
2024-09-24,705.1,783.32,4.9085,90.545,940.93,481.56,441.56,546.16,831.97,521.05,59.577,1319.04,246.1,18922.0,52.087,53.208,5040.76,54.541,95.22,144.63,148.75,484.331,275.57,467.21,113.82
2024-09-25,702.02,785.24,4.906,90.194,942.11,484.19,445.5,547.2,833.56,522.82,59.017,1323.3,245.96,18911.0,52.324,53.447,5024.67,54.187,94.99,143.76,148.14,485.997,275.35,464.74,114.3
2024-09-26,703.54,783.17,4.8636,90.382,937.27,480.12,440.44,545.69,827.35,521.83,58.775,1312.95,245.56,18971.0,52.204,53.331,5045.73,54.507,95.24,144.81,150.29,485.654,279.24,465.09,114.07
2024-09-27,701.01,783.26,4.8314,90.112,939.75,483.22,443.34,545.97,828.01,520.23,58.989,1321.47,245.21,18777.0,52.396,53.509,5055.98,54.565,95.21,144.37,150.29,487.579,279.9,462.68,114.39
2024-09-30,700.74,782.67,4.9077,90.179,937.61,484.71,444.83,547.31,833.18,518.68,58.777,1338.68,244.11,18699.0,52.41,53.531,5068.11,54.575,95.26,143.9,149.81,487.51,280.41,461.92,114.28
2024-10-08,707.09,776.43,4.7774,91.042,925.74,477.61,433.57,542.3,827.92,519.05,60.578,1363.17,245.73,19034.0,51.948,53.127,5179.13,55.709,96.11,146.39,150.52,484.495,272.78,473.71,113.21
2024-10-09,705.68,774.61,4.7604,90.767,924.34,475.68,432.56,541.06,823.19,516.97,60.749,1370.77,249.21,18997.0,52.041,53.203,5156.07,55.541,96.28,146.37,151.73,485.221,274.22,475.08,113.44
2024-10-10,707.42,773.92,4.7414,91.016,924.34,475.07,429.22,540.97,821.96,515.94,60.56,1371.09,249.69,19035.0,51.917,53.07,5154.09,55.519,96.36,146.9,152.35,484.248,275.29,473.63,113.26
2024-10-11,707.31,773.34,4.7601,91.037,923.61,476.82,431.09,541.62,825.71,514.63,60.65,1366.92,247.59,19101.0,51.926,53.085,5188.12,55.621,96.48,146.89,151.75,484.474,275.06,472.81,113.23
2024-10-14,707.23,772.55,4.7383,90.992,922.92,476.12,431.0,541.19,824.21,513.2,60.657,1354.51,246.94,19092.0,51.935,53.101,5195.93,55.598,96.57,146.89,151.73,484.656,272.92,470.03,113.26
2024-10-15,708.3,772.55,4.7319,91.225,925.29,476.4,431.47,541.54,821.51,513.26,60.661,1342.43,247.8,19163.0,51.857,53.012,5187.33,55.55,96.56,147.19,152.47,483.899,274.05,469.91,112.96
2024-10-16,711.91,775.08,4.7705,91.65,930.31,476.2,431.5,543.68,825.32,516.66,60.527,1360.3,247.94,19167.0,51.581,52.727,5162.07,55.373,96.23,146.34,152.07,480.794,276.67,468.19,112.48
2024-10-17,712.2,773.37,4.7599,91.637,925.11,474.5,431.47,542.22,822.65,517.71,60.366,1364.41,247.82,19158.0,51.575,52.736,5185.79,55.586,96.47,147.56,153.33,479.857,279.56,466.25,112.45
2024-10-18,712.74,771.73,4.7443,91.696,927.35,477.26,431.57,542.16,822.78,516.55,60.467,1362.43,248.02,19239.0,51.534,52.696,5187.35,55.829,96.65,147.99,153.24,479.806,278.19,465.75,112.41
2024-10-21,709.82,771.26,4.7465,91.36,926.2,476.32,431.15,541.79,820.6,514.3,60.61,1342.11,247.99,19280.0,51.744,52.91,5190.41,55.814,96.69,148.26,153.86,481.865,279.92,466.39,112.82
2024-10-22,712.23,770.16,4.7261,91.612,924.61,474.05,429.12,540.93,822.75,514.85,60.53,1357.66,247.33,19362.0,51.571,52.739,5212.23,56.084,96.82,148.3,153.72,480.883,280.32,470.4,112.51
2024-10-23,712.45,769.12,4.7148,91.66,924.75,475.99,430.54,541.25,823.14,515.52,60.762,1345.49,246.15,19356.0,51.556,52.719,5203.0,56.214,96.96,148.03,153.32,480.898,280.12,470.22,112.44
2024-10-24,712.86,768.68,4.67,91.755,920.53,472.82,427.9,538.8,822.77,515.14,61.058,1347.27,249.59,19378.0,51.524,52.68,5244.09,56.551,97.04,148.56,154.11,480.783,278.33,474.13,112.34
2024-10-25,710.9,769.39,4.6844,91.496,922.09,471.47,426.98,539.09,820.96,513.14,61.136,1352.56,248.46,19402.0,51.666,52.836,5237.48,56.466,96.96,148.58,153.88,482.394,278.88,473.75,112.66
2024-10-28,713.07,769.9,4.6657,91.733,924.05,471.16,426.55,538.92,820.97,513.22,60.935,1364.67,247.69,19479.0,51.514,52.673,5244.65,56.427,96.87,148.84,154.07,480.922,279.72,473.32,112.32
2024-10-29,712.83,770.73,4.6506,91.729,924.39,468.9,426.26,538.86,823.83,513.09,61.202,1363.76,248.33,19406.0,51.522,52.685,5244.97,56.428,96.76,149.36,154.14,481.065,281.07,473.95,112.36
2024-10-30,713.9,772.48,4.6588,91.877,929.02,468.3,426.23,539.41,823.26,513.15,61.275,1366.83,247.3,19390.0,51.514,52.603,5244.08,56.151,96.54,148.99,153.48,480.042,280.79,471.79,112.18
2024-10-31,712.5,773.68,4.648,91.673,923.2,468.31,425.51,538.84,822.4,512.31,61.446,1362.42,247.75,19362.0,51.543,52.711,5271.47,56.273,96.41,149.86,153.86,481.139,283.11,473.67,112.42
2024-11-01,711.35,774.21,4.68,91.5,917.55,468.08,424.97,538.92,823.74,510.71,61.44,1368.15,247.47,19332.0,51.634,52.796,5277.62,56.232,96.35,149.66,154.57,482.23,282.0,475.4,112.63
2024-11-04,712.03,774.19,4.6748,91.575,922.59,469.45,426.34,538.58,820.42,511.47,61.494,1375.82,246.91,19338.0,51.581,52.746,5276.77,56.26,96.32,150.13,154.6,482.208,282.35,475.97,112.55
2024-11-05,710.16,772.4,4.6657,91.356,920.04,467.66,424.19,538.23,821.89,510.89,61.6,1388.96,246.55,19360.0,51.713,52.885,5283.04,56.404,96.56,150.96,154.94,483.68,283.08,475.35,112.83
2024-11-06,709.93,774.11,4.675,91.324,923.84,470.45,426.08,539.45,821.39,512.86,61.199,1378.38,245.26,19446.0,51.743,52.921,5274.31,56.247,96.31,150.92,154.5,483.038,284.13,473.5,112.87
2024-11-07,716.59,768.62,4.64,92.17,922.9,470.74,425.74,537.46,817.84,513.96,61.579,1360.93,246.34,19553.0,51.277,52.448,5328.78,56.59,97.0,151.46,154.53,477.391,281.12,479.06,111.81
2024-11-08,714.33,770.99,4.6658,91.906,926.97,476.53,429.97,540.83,818.55,515.1,61.56,1371.1,242.27,19366.0,51.431,52.59,5247.8,55.917,96.71,149.64,152.31,480.938,277.26,476.51,112.13
2024-11-11,717.86,769.16,4.6947,92.323,927.03,472.69,428.28,540.82,819.14,516.08,61.09,1359.65,245.52,19456.0,51.184,52.339,5290.42,56.236,96.95,150.79,153.1,478.688,280.44,477.49,111.62
2024-11-12,719.27,766.41,4.681,92.504,925.45,472.82,429.06,539.38,816.75,516.44,61.32,1333.51,249.27,19471.0,51.073,52.231,5351.94,56.912,97.31,150.78,153.35,477.423,283.14,479.54,111.41
2024-11-13,719.91,768.75,4.6841,92.553,922.21,472.53,428.89,540.89,820.73,519.15,61.312,1358.19,250.13,19457.0,50.742,51.899,5344.19,56.606,97.01,150.61,153.02,474.664,284.35,481.21,111.34
2024-11-14,719.66,763.17,4.6527,92.496,918.01,469.29,425.24,537.92,815.53,516.5,61.651,1362.73,252.33,19431.0,50.817,51.986,5340.86,56.815,97.69,152.04,154.07,475.016,284.16,482.81,111.42
2024-11-15,719.92,761.31,4.634,92.499,915.6,466.79,423.23,537.09,812.04,514.51,62.038,1372.76,252.73,19417.0,50.734,51.869,5326.41,56.659,97.89,152.02,154.09,478.07,282.64,483.87,111.4
2024-11-18,719.07,760.29,4.6738,92.371,910.38,466.52,423.42,537.86,811.91,512.69,61.897,1382.98,252.16,19318.0,50.852,51.969,5357.53,56.788,98.02,152.14,153.62,476.276,281.92,481.51,111.56
2024-11-19,719.11,763.86,4.6801,92.392,913.91,469.43,425.29,539.05,816.21,514.96,61.981,1381.88,249.01,19272.0,50.874,51.997,5308.33,56.323,97.54,151.21,152.46,478.401,279.96,479.48,111.54
2024-11-20,719.35,765.17,4.682,92.422,915.89,472.26,427.61,539.95,818.07,518.0,61.864,1389.02,250.07,19255.0,50.815,51.938,5325.81,56.475,97.37,151.12,151.71,476.81,278.19,477.59,111.49
2024-11-21,719.34,761.78,4.6638,92.425,914.14,470.67,425.07,538.06,817.39,517.7,61.807,1387.34,250.89,19339.0,50.798,51.922,5372.26,56.848,97.88,152.56,152.97,476.659,280.72,478.72,111.51
2024-11-22,719.42,756.41,4.6919,92.439,909.25,470.74,423.59,536.46,814.3,517.34,61.781,1399.13,250.77,19349.0,50.801,51.932,5424.72,57.339,98.56,153.07,153.17,477.171,282.7,479.81,111.48
2024-11-25,719.18,756.45,4.6923,92.408,908.68,472.27,423.19,537.65,810.2,518.17,61.784,1441.07,249.79,19419.0,50.803,51.981,5423.74,57.224,98.59,151.85,152.45,476.334,281.98,476.35,111.52
2024-11-26,719.1,756.13,4.6933,92.407,906.08,468.91,421.48,535.9,813.74,516.12,61.691,1437.11,250.33,19374.0,50.888,52.028,5404.76,56.858,98.61,152.36,153.82,479.179,282.53,479.69,111.52
2024-11-27,719.82,757.39,4.7296,92.505,907.82,468.05,421.81,536.34,814.24,514.45,61.62,1453.65,251.77,19290.0,50.802,51.963,5412.65,56.758,98.42,152.06,154.17,478.889,286.01,479.86,111.43
2024-11-28,718.94,761.7,4.7834,92.398,914.11,468.99,426.0,538.09,816.87,514.56,61.549,1561.13,252.32,19255.0,50.907,52.049,5411.86,56.44,97.99,151.36,153.5,479.483,284.67,477.63,111.53
2024-11-29,718.77,760.87,4.777,92.355,914.5,469.08,425.53,537.12,816.2,514.75,61.62,1491.53,251.39,19312.0,50.953,52.107,5440.93,56.57,98.06,151.52,153.12,479.932,283.71,476.49,111.61
2024-12-02,718.65,759.07,4.8134,92.343,914.62,468.56,426.07,537.68,815.8,514.29,61.67,1471.04,251.2,19344.0,50.962,52.122,5440.38,56.605,98.3,151.79,153.73,481.201,283.31,475.98,111.6
2024-12-03,719.96,757.99,4.8384,92.526,913.92,468.06,425.99,537.22,813.83,514.73,61.693,1465.14,251.44,19391.0,50.84,52.001,5467.69,56.508,98.45,152.15,153.61,480.632,282.88,476.58,111.38
2024-12-04,719.34,759.45,4.8428,92.416,915.72,469.19,426.38,537.43,814.45,514.41,61.789,1444.15,250.86,19559.0,50.782,51.944,5458.7,56.524,98.25,152.2,152.97,480.042,281.41,473.75,111.51
2024-12-05,718.79,758.89,4.8039,92.35,916.84,464.68,423.84,537.33,816.09,513.52,61.528,1445.13,251.93,19514.0,50.857,52.033,5450.3,56.397,98.35,151.28,153.08,480.773,281.53,473.27,111.59
2024-12-06,718.48,762.43,4.809,92.32,918.87,464.93,424.74,538.64,819.33,514.18,61.295,1390.92,250.35,19581.0,50.97,52.13,5411.07,55.913,97.89,150.58,153.21,481.658,280.57,472.63,111.63
2024-12-09,718.7,761.98,4.8233,92.373,919.51,462.2,422.11,537.8,820.5,510.3,61.228,1381.98,249.95,19687.0,50.881,52.041,5434.26,56.009,97.91,151.46,154.45,481.759,279.97,470.45,111.56
2024-12-10,718.96,762.16,4.7852,92.508,920.59,465.53,424.46,538.65,821.0,510.25,61.327,1375.42,246.51,19734.0,50.825,51.984,5401.85,55.84,97.9,151.02,153.95,481.564,280.7,466.62,111.4
